<?xml version="1.0"?>
<!--
   Copyright 2003-2004,2006 The Apache Software Foundation

   Licensed under the Apache License, Version 2.0 (the "License");
   you may not use this file except in compliance with the License.
   You may obtain a copy of the License at

       http://www.apache.org/licenses/LICENSE-2.0

   Unless required by applicable law or agreed to in writing, software
   distributed under the License is distributed on an "AS IS" BASIS,
   WITHOUT WARRANTIES OR CONDITIONS OF ANY KIND, either express or implied.
   See the License for the specific language governing permissions and
   limitations under the License.
-->
<project> 
  <pomVersion>3</pomVersion>
  
  <name>Commons Pool</name>
  <groupId>commons-pool</groupId>
  <artifactId>commons-pool</artifactId>
  <inceptionYear>2001</inceptionYear>
  <currentVersion>1.3</currentVersion>
  <shortDescription>Commons Object Pooling Library</shortDescription>
  <description>Commons Object Pooling Library</description>
  <logo>/images/pool-logo-white.png</logo>
  
  <url>http://jakarta.apache.org/commons/${pom.artifactId.substring(8)}/</url>
  <package>org.apache.commons.${pom.artifactId.substring(8)}</package>

  <organization>
    <name>The Apache Software Foundation</name>
    <url>http://jakarta.apache.org</url>
    <logo>http://jakarta.apache.org/images/original-jakarta-logo.gif</logo>
  </organization>

  <licenses>
    <license>
        <name>The Apache Software License, Version 2.0</name>
        <url>/LICENSE.txt</url>
        <distribution>repo</distribution>
    </license>
  </licenses>
  
  <gumpRepositoryId>jakarta</gumpRepositoryId>
  <issueTrackingUrl>http://issues.apache.org/bugzilla/</issueTrackingUrl>
  <siteAddress>jakarta.apache.org</siteAddress>
  <siteDirectory>/www/jakarta.apache.org/commons/${pom.artifactId.substring(8)}/</siteDirectory>
  <distributionDirectory>/www/jakarta.apache.org/builds/jakarta-commons/${pom.artifactId.substring(8)}/</distributionDirectory>
  
  <repository>
    <connection>scm:svn:http://svn.apache.org/repos/asf/jakarta/commons/proper/${pom.artifactId.substring(8)}/trunk</connection>
    <url>http://svn.apache.org/repos/asf/jakarta/commons/proper/${pom.artifactId.substring(8)}/trunk</url>
  </repository>
  
  <mailingLists>
    <mailingList>
      <name>Commons Dev List</name>
      <subscribe>commons-dev-subscribe@jakarta.apache.org</subscribe>
      <unsubscribe>commons-dev-unsubscribe@jakarta.apache.org</unsubscribe>
      <archive>http://mail-archives.apache.org/eyebrowse/SummarizeList?listName=commons-dev@jakarta.apache.org</archive>
    </mailingList>
    <mailingList>
      <name>Commons User List</name>
      <subscribe>commons-user-subscribe@jakarta.apache.org</subscribe>
      <unsubscribe>commons-user-unsubscribe@jakarta.apache.org</unsubscribe>
      <archive>http://mail-archives.apache.org/eyebrowse/SummarizeList?listName=commons-user@jakarta.apache.org</archive>
    </mailingList>
  </mailingLists>
  
  <versions>
    <version>
      <id>1.0</id>
      <name>1.0</name>
      <tag>POOL_1_0</tag>
    </version>
    <version>
      <id>1.0.1</id>
      <name>1.0.1</name>
      <tag>POOL_1_0_1</tag>
    </version>
    <version>
      <id>1.1</id>
      <name>1.1</name>
      <tag>POOL_1_1</tag>
    </version>
    <version>
      <id>1.2</id>
      <name>1.2</name>
      <tag>POOL_1_2</tag>
    </version>
  </versions>

  <developers>
    <developer>
      <name>Morgan Delagrange</name>
      <id>morgand</id>
      <email></email>
      <organization></organization>
    </developer>
    <developer>
      <name>Geir Magnusson</name>
      <id>geirm</id>
      <email></email>
      <organization></organization>
    </developer>
    <developer>
      <name>Craig McClanahan</name>
      <id>craigmcc</id>
      <email></email>
      <organization></organization>
    </developer>
    <developer>
      <name>Rodney Waldhoff</name>
      <id>rwaldhoff</id>
      <email></email>
      <organization></organization>
    </developer>
    <developer>
      <name>David Weinrich</name>
      <id>dweinr1</id>
      <email></email>
      <organization></organization>
    </developer>
    <developer>
      <name>Dirk Verbeeck</name>
      <id>dirkv</id>
      <email></email>
      <organization></organization>
    </developer>
    <developer>
      <name>Robert Burrell Donkin</name>
      <id>rdonkin</id>
      <email></email>
      <organization>Apache Software Foundation</organization>
    </developer>
    <developer>
      <name>Sandy McArthur</name>
      <id>sandymac</id>
      <email></email>
      <organization>Apache Software Foundation</organization>
    </developer>
  </developers>
  <contributors>
    <contributor>
      <name>Todd Carmichael</name>
      <email>toddc@concur.com</email>
    </contributor>
  </contributors>
  
  <dependencies>

    <dependency>
      <groupId>junit</groupId>
      <artifactId>junit</artifactId>
      <version>3.8.1</version>
      <properties>
          <comment>Only required to run unit tests</comment>
          <scope>test</scope>
      </properties>
    </dependency>

    <dependency>
      <groupId>maven</groupId>
      <artifactId>maven-plugin-plugin</artifactId>
      <version>1.7</version>
      <url>http://maven.apache.org/maven-1.x/plugins/plugin/</url>
      <type>plugin</type>
      <properties>
          <comment>
              &lt;strong&gt;Site Only&lt;/strong&gt; - v1.7 (minimum)
          </comment>
      </properties>
    </dependency>

    <dependency>
      <groupId>maven</groupId>
      <artifactId>maven-scm-plugin</artifactId>
      <version>1.5</version>
      <url>http://maven.apache.org/maven-1.x/plugins/scm/</url>
      <type>plugin</type>
      <properties>
          <comment>
              &lt;strong&gt;Site Only&lt;/strong&gt; - v1.5 (minimum)
          </comment>
      </properties>
    </dependency>

    <dependency>
      <groupId>maven</groupId>
      <artifactId>maven-jdiff-plugin</artifactId>
      <version>1.5</version>
      <url>http://maven.apache.org/maven-1.x/plugins/jdiff/</url>
      <type>plugin</type>
      <properties>
          <comment>
              &lt;strong&gt;Site Only&lt;/strong&gt; - v1.5 (minimum)
          </comment>
      </properties>
    </dependency>

    <dependency>
      <groupId>maven</groupId>
      <artifactId>maven-changes-plugin</artifactId>
      <version>1.6</version>
      <url>http://maven.apache.org/maven-1.x/plugins/changes/</url>
      <type>plugin</type>
      <properties>
          <comment>
              &lt;strong&gt;Site Only&lt;/strong&gt; - v1.6 (minimum)
          </comment>
      </properties>
    </dependency>

  </dependencies>

  <build>
    <nagEmailAddress>commons-dev@jakarta.apache.org</nagEmailAddress>
    <sourceDirectory>src/java</sourceDirectory>
    <unitTestSourceDirectory>src/test</unitTestSourceDirectory>
    <unitTest>
      <includes>
        <include>org/apache/commons/pool/Test*Factory.java</include>
        <include>org/apache/commons/pool/TestBaseObjectPool.java</include>
        <include>org/apache/commons/pool/TestBaseKeyedObjectPool.java</include>
        <include>org/apache/commons/pool/TestPoolUtils.java</include>
        <include>org/apache/commons/pool/impl/Test*Pool.java</include>
      </includes>
    </unitTest>

    <resources>
      <resource>
        <directory>${basedir}</directory>
        <targetPath>META-INF</targetPath>
        <includes>
          <include>NOTICE.txt</include>
        </includes>
      </resource>
    </resources>
  </build>
  
  <reports>
    <report>maven-changes-plugin</report>
    <report>maven-javadoc-plugin</report>
    <report>maven-jdepend-plugin</report>
    <report>maven-jdiff-plugin</report>
    <report>maven-junit-report-plugin</report>
    <report>maven-jxr-plugin</report>
    <report>maven-license-plugin</report>
    <report>maven-tasklist-plugin</report>
  </reports>
  
</project>

