<?xml version="1.0" encoding="UTF-8"?>

<project name="crypto.bcbuild" default="build" basedir=".">

    <property file="bc-build.properties" />

    <property environment="env" />

    <property name="target.name" value="${target.prefix}-${release.suffix}" />
    <property name="build.dir" value="${src.dir}/.." />
    <property name="artifacts.reports.xml.dir" value="${artifacts.dir}/reports/xml" />
    <property name="artifacts.reports.html.dir" value="${artifacts.dir}/reports/html" />
    <property name="artifacts.jars.dir" value="${artifacts.dir}/jars" />
    <property name="artifacts.docs.dir" value="${artifacts.dir}/javadoc" />

    <property name="jce.target" value="jce-${target.name}" />
    <property name="jce.target.dir" value="${artifacts.dir}/${jce.target}" />
    <property name="jce.target.src.dir" value="${jce.target.dir}/src" />
    <property name="jce.target.docs.dir" value="${jce.target.dir}/docs" />

    <property name="provider.target" value="bcprov-${target.name}" />
    <property name="provider.target.dir" value="${artifacts.dir}/${provider.target}" />
    <property name="provider.target.src.dir" value="${provider.target.dir}/src" />
    <property name="provider.target.docs.dir" value="${provider.target.dir}/docs" />

    <property name="mail.target" value="bcmail-${target.name}" />
    <property name="mail.target.dir" value="${artifacts.dir}/${mail.target}" />
    <property name="mail.target.src.dir" value="${mail.target.dir}/src" />
    <property name="mail.target.docs.dir" value="${mail.target.dir}/docs" />

    <property name="tsp.target" value="bctsp-${target.name}" />
    <property name="tsp.target.dir" value="${artifacts.dir}/${tsp.target}" />
    <property name="tsp.target.src.dir" value="${tsp.target.dir}/src" />
    <property name="tsp.target.docs.dir" value="${tsp.target.dir}/docs" />

    <property name="pg.target" value="bcpg-${target.name}" />
    <property name="pg.target.dir" value="${artifacts.dir}/${pg.target}" />
    <property name="pg.target.src.dir" value="${pg.target.dir}/src" />
    <property name="pg.target.docs.dir" value="${pg.target.dir}/docs" />

    <property name="lcrypto.target" value="lcrypto-${target.name}" />
    <property name="lcrypto.target.dir" value="${artifacts.dir}/${lcrypto.target}" />
    <property name="lcrypto.target.src.dir" value="${lcrypto.target.dir}/src" />
    <property name="lcrypto.target.classes.dir" value="${lcrypto.target.dir}/classes" />
    <property name="lcrypto.target.docs.dir" value="${lcrypto.target.dir}/docs" />

    <macrodef name="compile">
        <attribute name="target" />
        <element name="manifestElements" />
        <sequential>
            <mkdir dir="${build.dir}/@{target}/classes" />
            <mkdir dir="${artifacts.dir}/@{target}" />

            <javac srcdir="${artifacts.dir}/@{target}/src" destdir="${build.dir}/@{target}/classes" debug="${release.debug}">
                <classpath>
                    <fileset dir="${artifacts.jars.dir}">
                        <include name="**/*.jar" />
                    </fileset>
                </classpath>
            </javac>
            <copy todir="${build.dir}/@{target}/classes">
                 <fileset dir="${artifacts.dir}/@{target}/src" includes="**/*.pem" />
            </copy>
            <jar jarfile="${artifacts.jars.dir}/@{target}.jar">
                <manifest>
                    <manifestElements/>
                </manifest>
                <fileset dir="${build.dir}/@{target}/classes" includes="**/*.class" />
                <fileset dir="${build.dir}/@{target}/classes" includes="**/*.pem" />
            </jar>
        </sequential>
    </macrodef>

    <macrodef name="compileDoc">
        <attribute name="srcDir" />
        <attribute name="docsDir" />
        <element name="docElements" />
        <sequential>
        <mkdir dir="@{docsDir}" />
        <javadoc sourcepath="@{srcDir}"
                 destdir="@{docsDir}"
                 windowtitle="Bouncy Castle Library ${release.name} API Specification"
                 header="&lt;b&gt;Bouncy Castle Cryptography Library ${release.name}&lt;/b&gt;">
            <docElements/>
            <arg value="${javadoc.args}" />
            <classpath>
                <fileset dir="${artifacts.jars.dir}">
                    <include name="**/*.jar" />
                </fileset>
                <pathelement path="${env.CLASSPATH}" />
            </classpath>
        </javadoc>
        </sequential>
    </macrodef>

    <macrodef name="copyStandardFiles">
        <attribute name="toDir" />
        <sequential>
            <copy toDir="@{toDir}">
                 <fileset dir="${basedir}">
                     <include name="*.html" />
                 </fileset>
            </copy>
        </sequential>
    </macrodef>

    <target name="build" depends="build-lw, build-libraries, build-test" />

    <target name="build-lw">
        <!--
              Lightweight Libraries
        -->

        <mkdir dir="${lcrypto.target.dir}" />
        <mkdir dir="${lcrypto.target.src.dir}" />
        <mkdir dir="${lcrypto.target.classes.dir}" />

        <copyStandardFiles toDir="${lcrypto.target.dir}" />

        <copy todir="${lcrypto.target.src.dir}">
             <fileset dir="${src.dir}">
                 <include name="org/bouncycastle/*.java" />
                 <include name="org/bouncycastle/math/**/*.java" />
                 <include name="org/bouncycastle/crypto/**/*.java" />
                 <include name="org/bouncycastle/util/**/*.java" />
                 <include name="org/bouncycastle/asn1/**/*.java" />
                 <include name="org/bouncycastle/bcpg/**/*.java" />
             </fileset>
        </copy>

        <javac srcdir="${lcrypto.target.src.dir}" destdir="${lcrypto.target.classes.dir}" debug="${release.debug}">
        </javac>
    </target>

    <!--
          Provider
    -->
    <target name="build-provider">
        <property name="provider" value="bcprov-${target.name}" />

        <mkdir dir="${artifacts.jars.dir}" />
        <delete dir="${provider.target.dir}" />
        <mkdir dir="${provider.target.dir}" />

        <copyStandardFiles toDir="${provider.target.dir}" />

        <copy todir="${provider.target.src.dir}">
             <fileset dir="${src.dir}">
                 <exclude name="org/bouncycastle/**/test/*.java" />
                 <exclude name="org/bouncycastle/**/test/nist/*.java" />
                 <exclude name="org/bouncycastle/**/test/*.pem" />
                 <exclude name="org/bouncycastle/mail/**/*.java" />
                 <exclude name="org/bouncycastle/cms/**/*.java" />
                 <exclude name="org/bouncycastle/sasn1/**/*.java" />
                 <exclude name="org/bouncycastle/tsp/**/*.java" />
                 <exclude name="org/bouncycastle/openpgp/**/*.java" />
                 <exclude name="org/bouncycastle/bcpg/**/*.java" />
             </fileset>
             <fileset dir="${src.dir}" includes="org/bouncycastle/util/test/*.java" />
        </copy>

        <compile target="${provider}">
            <manifestElements>
                <attribute name="Manifest-Version" value="1.0" />
                <attribute name="Extension-Name" value="org.bouncycastle.bcprovider" />
                <attribute name="Specification-Vendor" value="BouncyCastle.org" />
                <attribute name="Specification-Version" value="1.1" />
                <attribute name="Implementation-Vendor-Id" value="org.bouncycastle" />
                <attribute name="Implementation-Vendor" value="BouncyCastle.org" />
                <attribute name="Implementation-Version" value="${release.name}.0" />
            </manifestElements>
        </compile>
    </target>

    <!--
          JCE
    -->
    <target name="build-jce">
        <property name="jce" value="jce-${target.name}" />

        <mkdir dir="${artifacts.jars.dir}" />
        <delete dir="${jce.target.dir}" />
        <mkdir dir="${jce.target.dir}" />

        <copyStandardFiles toDir="${jce.target.dir}" />

        <copy todir="${jce.target.src.dir}">
             <fileset dir="${src.dir}">
                 <exclude name="org/bouncycastle/**/test/*.java" />
                 <exclude name="org/bouncycastle/**/test/nist/*.java" />
                 <exclude name="org/bouncycastle/**/test/*.pem" />
                 <exclude name="org/bouncycastle/mail/**/*.java" />
                 <exclude name="org/bouncycastle/cms/**/*.java" />
                 <exclude name="org/bouncycastle/sasn1/**/*.java" />
                 <exclude name="org/bouncycastle/tsp/**/*.java" />
                 <exclude name="org/bouncycastle/openpgp/**/*.java" />
                 <exclude name="org/bouncycastle/bcpg/**/*.java" />
             </fileset>
             <fileset dir="${src.dir}" includes="org/bouncycastle/util/test/*.java" />
        </copy>

        <compile target="${jce}">
            <manifestElements>
                <attribute name="Manifest-Version" value="1.0" />
                <attribute name="Extension-Name" value="org.bouncycastle.bcjce" />
                <attribute name="Specification-Vendor" value="BouncyCastle.org" />
                <attribute name="Specification-Version" value="1.1" />
                <attribute name="Implementation-Vendor-Id" value="org.bouncycastle" />
                <attribute name="Implementation-Vendor" value="BouncyCastle.org" />
                <attribute name="Implementation-Version" value="${release.name}.0" />
            </manifestElements>
        </compile>
    </target>

    <target name="build-libraries" depends="build-mail, build-tsp, build-pg" />

    <!--
          Mail
    -->
    <target name="build-mail">
        <mkdir dir="${mail.target.dir}" />

        <copyStandardFiles toDir="${mail.target.dir}" />

        <copy todir="${mail.target.src.dir}">
             <fileset dir="${src.dir}">
                 <include name="org/bouncycastle/mail/**/*.java" />
                 <include name="org/bouncycastle/cms/**/*.java" />
                 <include name="org/bouncycastle/sasn1/**/*.java" />
                 <exclude name="**/*Test.java" />
                 <exclude name="**/*Tests.java" />
                 <exclude name="**/test/*.java" />
             </fileset>
        </copy>

        <compile target="${mail.target}">
            <manifestElements>
                <attribute name="Manifest-Version" value="1.0" />
                <attribute name="Extension-Name" value="org.bouncycastle.bcmail" />
                <attribute name="Specification-Vendor" value="BouncyCastle.org" />
                <attribute name="Specification-Version" value="1.1" />
                <attribute name="Implementation-Vendor-Id" value="org.bouncycastle" />
                <attribute name="Implementation-Vendor" value="BouncyCastle.org" />
                <attribute name="Implementation-Version" value="${release.name}.0" />
            </manifestElements>
        </compile>
    </target>

    <!--
          TSP
    -->
    <target name="build-tsp">
        <mkdir dir="${tsp.target.dir}" />

        <copyStandardFiles toDir="${tsp.target.dir}" />

        <copy todir="${tsp.target.src.dir}">
             <fileset dir="${src.dir}">
                 <include name="org/bouncycastle/tsp/**/*.java" />
                 <exclude name="**/*Test.java" />
                 <exclude name="**/*Tests.java" />
                 <exclude name="**/test/*.java" />
             </fileset>
        </copy>

        <compile target="${tsp.target}">
            <manifestElements>
                <attribute name="Manifest-Version" value="1.0" />
                <attribute name="Extension-Name" value="org.bouncycastle.bctsp" />
                <attribute name="Specification-Vendor" value="BouncyCastle.org" />
                <attribute name="Specification-Version" value="1.1" />
                <attribute name="Implementation-Vendor-Id" value="org.bouncycastle" />
                <attribute name="Implementation-Vendor" value="BouncyCastle.org" />
                <attribute name="Implementation-Version" value="${release.name}.0" />
            </manifestElements>
        </compile>
    </target>

    <!--
          PG
    -->
    <target name="build-pg">
        <mkdir dir="${pg.target.dir}" />

        <filter token="RELEASE_NAME" value="${release.name}" />

        <copyStandardFiles toDir="${pg.target.dir}" />

        <copy todir="${pg.target.src.dir}" filtering="true">
             <fileset dir="${src.dir}" includes="org/bouncycastle/bcpg/**/*.java" />
        </copy>

        <copy todir="${pg.target.src.dir}">
             <fileset dir="${src.dir}">
                 <include name="org/bouncycastle/openpgp/**/*.java" />
                 <exclude name="**/*Test.java" />
                 <exclude name="**/*Tests.java" />
                 <exclude name="**/test/*.java" />
             </fileset>
        </copy>

        <compile target="${pg.target}">
            <manifestElements>
                <attribute name="Manifest-Version" value="1.0" />
                <attribute name="Extension-Name" value="org.bouncycastle.bcpg" />
                <attribute name="Specification-Vendor" value="BouncyCastle.org" />
                <attribute name="Specification-Version" value="1.1" />
                <attribute name="Implementation-Vendor-Id" value="org.bouncycastle" />
                <attribute name="Implementation-Vendor" value="BouncyCastle.org" />
                <attribute name="Implementation-Version" value="${release.name}.0" />
            </manifestElements>
        </compile>
    </target>

    <!--
         Tests
    -->
    <target name="build-test">
        <property name="test.target" value="bctest-${target.name}" />

        <mkdir dir="${artifacts.jars.dir}" />

        <property name="test.target.dir" value="${artifacts.dir}/${test.target}" />
        <property name="test.target.src.dir" value="${test.target.dir}/src" />

        <mkdir dir="${test.target.dir}" />

        <copyStandardFiles toDir="${test.target.dir}" />

        <copy todir="${test.target.src.dir}">
             <fileset dir="${src.dir}" includes="**/test/*.java" />
             <fileset dir="${src.dir}" includes="**/test/nist/*.java" />
             <fileset dir="${src.dir}" includes="**/*.pem" />
        </copy>

        <compile target="${test.target}">
            <manifestElements>
                <attribute name="Manifest-Version" value="1.0" />
                <attribute name="Extension-Name" value="org.bouncycastle.bctest" />
                <attribute name="Specification-Vendor" value="BouncyCastle.org" />
                <attribute name="Specification-Version" value="1.1" />
                <attribute name="Implementation-Vendor-Id" value="org.bouncycastle" />
                <attribute name="Implementation-Vendor" value="BouncyCastle.org" />
                <attribute name="Implementation-Version" value="${release.name}.0" />
            </manifestElements>
        </compile>
    </target>

    <target name="test">
        <junit fork="yes" dir="${basedir}" failureProperty="test.failed">
            <classpath>
                <fileset dir="${artifacts.jars.dir}">
                    <include name="**/*.jar" />
                </fileset>
            </classpath>
            <sysproperty key="bc.test.data.home" value="test/data" />

            <formatter type="xml" />
            <test name="${testcase}" todir="${artifacts.reports.xml.dir}" if="testcase" />
            <batchtest todir="${artifacts.reports.xml.dir}" unless="testcase">
                <fileset dir="${src.dir}">
                    <include name="**/test/AllTests.java" />
                    <include name="**/nist/NistCertPathTest.java" />
                </fileset>
            </batchtest>
        </junit>

        <junitreport todir="${artifacts.reports.xml.dir}">
            <fileset dir="${artifacts.reports.xml.dir}">
                <include name="TEST-*.xml" />
            </fileset>
            <report format="frames" todir="${artifacts.reports.html.dir}" />
        </junitreport>
    </target>

    <target name="test-lw">
        <junit fork="yes" dir="${basedir}" failureProperty="test.failed">
            <classpath>
                <fileset dir="${artifacts.jars.dir}">
                    <include name="**/*.jar" />
                </fileset>
            </classpath>

            <formatter type="xml" />
            <test name="${testcase}" todir="${artifacts.reports.xml.dir}" if="testcase" />
            <batchtest todir="${artifacts.reports.xml.dir}" unless="testcase">
                <fileset dir="${src.dir}">
                    <include name="**/crypto/test/AllTests.java" />
                    <include name="**/asn1/test/AllTests.java" />
                    <include name="**/encoders/test/AllTests.java" />
                </fileset>
            </batchtest>
        </junit>

        <junitreport todir="${artifacts.reports.xml.dir}">
            <fileset dir="${artifacts.reports.xml.dir}">
                <include name="TEST-*.xml" />
            </fileset>
            <report format="frames" todir="${artifacts.reports.html.dir}" />
        </junitreport>
    </target>

    <target name="javadoc-libraries" depends="javadoc-mail, javadoc-tsp, javadoc-pg" />

    <!--
          Provider JavaDoc
    -->
    <target name="javadoc-provider">
        <copy todir="${provider.target.src.dir}">
             <fileset dir="${src.dir}">
                 <include name="org/bouncycastle/jce/**/test/*.java" />
                 <include name="org/bouncycastle/x509/**/test/*.java" />
                 <include name="org/bouncycastle/openssl/**/test/*.java" />
             </fileset>
        </copy>

        <compileDoc srcDir="${provider.target.src.dir}" docsDir="${artifacts.docs.dir}/bcprov">
            <docElements>
                <package name="org.bouncycastle.asn1.*" />
                <package name="org.bouncycastle.crypto.*" />
                <package name="org.bouncycastle.jce.*" />
                <package name="org.bouncycastle.openssl.*" />
                <package name="org.bouncycastle.mozilla.*" />
                <package name="org.bouncycastle.x509.*" />
                <group title="JCE Utility and Extension Packages" packages="org.bouncycastle.jce*" />
                <group title="OCSP and OpenSSL PEM Support Packages" packages="org.bouncycastle.ocsp*:org.bouncycastle.openssl*" />
                <group title="ASN.1 Support Packages" packages="org.bouncycastle.asn1*" />
                <group title="Lightweight Crypto Packages" packages="org.bouncycastle.crypto*" />
                <group title="Utility Packages" packages="org.bouncycastle.util*:org.bouncycastle.math*" />
                <group title="JCE Provider and Test Classes" packages="org.bouncycastle.jce.provider*" />
            </docElements>
        </compileDoc>

        <copy todir="${provider.target.docs.dir}">
             <fileset dir="${artifacts.docs.dir}/bcprov" />
        </copy>
    </target>

    <target name="javadoc-jce">
        <copy todir="${jce.target.src.dir}">
             <fileset dir="${src.dir}">
                 <include name="org/bouncycastle/jce/**/test/*.java" />
                 <include name="org/bouncycastle/x509/**/test/*.java" />
                 <include name="org/bouncycastle/openssl/**/test/*.java" />
             </fileset>
        </copy>

        <compileDoc srcDir="${jce.target.src.dir}" docsDir="${artifacts.docs.dir}/jce">
            <docElements>
                <package name="org.bouncycastle.asn1.*" />
                <package name="org.bouncycastle.crypto.*" />
                <package name="org.bouncycastle.jce.*" />
                <package name="org.bouncycastle.openssl.*" />
                <package name="org.bouncycastle.mozilla.*" />
                <package name="org.bouncycastle.x509.*" />
                <package name="javax.crypto.*" />
                <group title="JCE Package" packages="javax.crypto*" />
                <group title="JCE Utility and Extension Packages" packages="org.bouncycastle.jce*" />
                <group title="OCSP and OpenSSL PEM Support Packages" packages="org.bouncycastle.ocsp*:org.bouncycastle.openssl*" />
                <group title="ASN.1 Support Packages" packages="org.bouncycastle.asn1*" />
                <group title="Lightweight Crypto Packages" packages="org.bouncycastle.crypto*" />
                <group title="Utility Packages" packages="org.bouncycastle.util*:org.bouncycastle.math*" />
                <group title="JCE Provider and Test Classes" packages="org.bouncycastle.jce.provider*" />
            </docElements>
        </compileDoc>

        <copy todir="${jce.target.docs.dir}">
             <fileset dir="${artifacts.docs.dir}/jce" />
        </copy>
    </target>

    <!--
          Mail JavaDoc
    -->
    <target name="javadoc-mail">
        <copy todir="${mail.target.src.dir}">
             <fileset dir="${src.dir}">
                 <include name="org/bouncycastle/mail/**/test/*.java" />
                 <include name="org/bouncycastle/cms/**/test/*.java" />
                 <include name="org/bouncycastle/sasn1/**/test/*.java" />
                 <include name="org/bouncycastle/mail/**/*.html" />
                 <include name="org/bouncycastle/cms/**/*.html" />
                 <include name="org/bouncycastle/sasn1/**/*.html" />
             </fileset>
        </copy>

        <compileDoc srcDir="${mail.target.src.dir}" docsDir="${artifacts.docs.dir}/bcmail">
            <docElements>
                <package name="org.bouncycastle.cms.*" />
                <package name="org.bouncycastle.mail.*" />
                <package name="org.bouncycastle.sasn1.*" />
                <group title="CMS Packages" packages="org.bouncycastle.cms*" />
                <group title="S/MIME Packages" packages="org.bouncycastle.mail.smime*" />
                <group title="Streaming ASN.1 Packages" packages="org.bouncycastle.sasn1*" />
            </docElements>
        </compileDoc>

        <copy todir="${mail.target.docs.dir}">
             <fileset dir="${artifacts.docs.dir}/bcmail" />
        </copy>
    </target>

    <!--
          TSP JavaDoc
    -->
    <target name="javadoc-tsp">
        <copy todir="${tsp.target.src.dir}">
             <fileset dir="${src.dir}">
                 <include name="org/bouncycastle/tsp/**/test/*.java" />
                 <include name="org/bouncycastle/tsp/**/*.html" />
             </fileset>
        </copy>

        <compileDoc srcDir="${tsp.target.src.dir}" docsDir="${artifacts.docs.dir}/bctsp">
            <docElements>
                <package name="org.bouncycastle.tsp.*" />
                <group title="TSP Packages" packages="org.bouncycastle.tsp*" />
            </docElements>
        </compileDoc>

        <copy todir="${tsp.target.docs.dir}">
             <fileset dir="${artifacts.docs.dir}/bctsp" />
        </copy>
    </target>

    <!--
          PG JavaDoc
    -->
    <target name="javadoc-pg">
        <copy todir="${pg.target.src.dir}">
             <fileset dir="${src.dir}">
                 <include name="org/bouncycastle/openpgp/**/test/*.java" />
                 <include name="org/bouncycastle/bcpg/**/test/*.java" />
                 <include name="org/bouncycastle/openpgp/**/*.html" />
                 <include name="org/bouncycastle/bcpg/**/*.html" />
             </fileset>
        </copy>

        <compileDoc srcDir="${pg.target.src.dir}" docsDir="${artifacts.docs.dir}/bcpg">
            <docElements>
                <package name="org.bouncycastle.openpgp.*" />
                <package name="org.bouncycastle.bcpg.*" />
                <group title="BCPG Support Packages" packages="org.bouncycastle.bcpg*" />
                <group title="OpenPGP Packages" packages="org.bouncycastle.openpgp*" />
            </docElements>
        </compileDoc>

        <copy todir="${pg.target.docs.dir}">
             <fileset dir="${artifacts.docs.dir}/bcpg" />
       </copy>
    </target>

    <!--
          Light Weight JavaDoc
    -->
    <target name="javadoc-lw">
        <copy todir="${lcrypto.target.src.dir}">
             <fileset dir="${src.dir}">
                 <include name="org/bouncycastle/crypto/**/test/*.java" />
                 <include name="org/bouncycastle/asn1/**/test/*.java" />
             </fileset>
        </copy>

        <compileDoc srcDir="${lcrypto.target.src.dir}" docsDir="${artifacts.docs.dir}/lcrypto">
            <docElements>
                <package name="org.bouncycastle.asn1.*" />
                <package name="org.bouncycastle.crypto.*" />
                <package name="org.bouncycastle.math.*" />
                <package name="org.bouncycastle.util.*" />
                <group title="Lightweight Crypto Packages" packages="org.bouncycastle.crypto*" />
                <group title="ASN.1 Support Packages" packages="org.bouncycastle.asn1*" />
                <group title="Utility Packages" packages="org.bouncycastle.util*:org.bouncycastle.math*" />
            </docElements>
        </compileDoc>

        <copy todir="${lcrypto.target.docs.dir}">
             <fileset dir="${artifacts.docs.dir}/lcrypto" />
       </copy>
    </target>
</project>
