<!DOCTYPE project [
 	<!ENTITY Common SYSTEM "common.xml">
	%Common;
]>

<!--
  Bouncy Castle Build Configuration (midp)

  This is the JDK 1.2 specific build file.  

  $RCSfile: jdk12.xml,v $
  $Author: bouncy $
  $Date: 2005/07/06 13:02:52 $
  $Revision: 1.1.1.1 $
-->
<project name="jdk12" default="init" basedir=".">

	<property environment="env" />
	<property file="${env.CRYPTO_PROP}" />

	<!-- Public callable targets -->
	<target name="clean" depends="common-clean" />
	<target name="test" depends="common-test" />
	<target name="dist" depends="common-dist" />
	<target name="package" depends="common-package" />
	<target name="compile" depends="init, local-compile" />
	<target name="jdoc" depends="common-jdoc" />

	<!-- extra targets used in this file -->
	<target name="local-compile" depends="llw-compile, ljce-compile" />

	<target name="llw-compile" if="is.lw" >
		<javac srcdir="${master.home}/jdk1.2" 
			destdir="${master.classes}" >
		</javac>
		<antcall target="lw-compile" />
	</target>

	<target name="ljce-compile" if="is.jce" >
		<javac srcdir="${master.home}/jdk1.2" 
			destdir="${master.classes}" >
		</javac>
		<antcall target="jce-compile" />
	</target>

	<!-- include common targets, properties -->
	<property name="master.jdk" value="jdk12" />
	&Common;

	<!-- ** Private properties -->
	<path id="compile.cp">
		<pathelement location="${master.classes}" />
	</path>

	<!-- *** Private Targets *** -->

</project>
