<!DOCTYPE project [
 	<!ENTITY Common SYSTEM "common.xml">
	%Common;
]>
<!--
  Bouncy Castle Build Configuration (midp)

  This is the J2ME specific build file.  It's been removed
  from the bouncy.xml to make it easier to manage.
  
  $RCSfile: midp.xml,v $
  $Author: bouncy $
  $Date: 2005/07/06 13:02:52 $
  $Revision: 1.1.1.1 $
-->

<project name="midp" default="init" basedir=".">

	<property environment="env" />
	<property file="${user.home}/crypto_env.properties" />
	<!-- Public callable targets -->
	<target name="clean" depends="local-clean" />
	<target name="test" depends="local-test" />
	<target name="dist" depends="common-dist" />
	<target name="package" depends="local-package" />
	<target name="compile" depends="local-compile" />
	<target name="jdoc" depends="common-jdoc" />

	<!-- include common targets, properties -->
	<property name="is.lw" value="true" />
	<property name="master.jdk" value="j2me" />
	&Common;

	<!-- ** Private properties -->
	<property name="midp.root" value="${user.j2me.home}" />
	<property name="midp.classes" value="${midp.root}/lib/midpapi.zip" />
	<property name="midp.preverify" value="preverify" />

	<property name="midp.emulator" value="emulator" />
	
	<property name="app.name" value="midp_test" />
	<property name="app.dir" 
		location="./j2me/org/bouncycastle/crypto/examples/" />
	<property name="app.jad" value="${app.name}.jad" />
	<property name="app.mf" value="${app.name}.mf" />
	<property name="app.jar" value="${app.name}.jar" />

	<property name="master.verify" value="${master.home}/verify" />
	<property name="zipdir" value="${master.lw-release}/zips" />
    <property name="j2me.src" value="${master.home}/j2me" />

    <!-- Copy all the files to this directory in the right order -->
    <property name="build.root" value="${master.dist}" />
    <property name="build.src" value="${build.root}/src" />

	<path id="compile.cp">
		<pathelement location="${master.classes}" />
		<pathelement location="${midp.classes}" />
	</path>

	<property name="midp.classpath" refid="compile.cp" />

	<!-- *** Private Targets *** -->

	<!-- compile -->
	<patternset id="j2me.java-compatibility" >
		<include name="java/**/*.java" />
	</patternset>

	<target name="local-clean" >
		<antcall target="common-clean" />
		<delete dir="${master.verify}" />
	</target>

	<!-- override the standard lw-compile due to the extra midp reqs -->
    <target name="local-compile" depends="init" if="is.lw" >
        <echo message="Checking environment" />
        <whichresource class="org.bouncycastle.crypto.BlockCipher" 
            property="foundBC" />

        <fail if="foundBC" 
         message="BouncyCastle on the classpath. Check $JAVA_HOME/lib/ext" />

		<echo message="Doing special javac for the java.lang.* classes" />

		<javac srcdir="${j2me.src}:${master.src}"
			destdir="${master.classes}" 
			bootclasspath="${midp.classes}" 
			includeAntRuntime="no"
			includeJavaRuntime="no"
			debug="off"
			optimize="off">
			<patternset refid="j2me.java-compatibility" /> 
			<classpath refid = "compile.cp" />
		</javac>

        <echo message="Copying main crypto files" />
        <copy todir="${build.src}">
            <fileset dir="${master.src}" >
                <include name="**/asn1/**/*.java" />
                <include name="**/crypto/**/*.java" />
                <include name="**/math/**/*.java" />
                <include name="**/util/*.java" />
                <include name="**/encoders/*.java" />
                <include name="org/bouncycastle/util/test/*.java" />

                <exclude name="**/asn1/test/GenerationTest.java" /> 
                <exclude name="**/asn1/test/EqualsAndHashCodeTest.java" /> 
                <exclude name="**/asn1/test/SMIMETest.java" /> 
                <exclude name="**/crypto/examples/*.java" />
                <exclude name="**/util/Dump.java" />
                <exclude name="**/crypto/util/*.java" />
                <exclude name="**/crypto/test/AESVectorFileTest.java" />
            </fileset>
        </copy>

        <echo message="Copying j2me files" />
        <copy todir="${build.src}" overwrite="true" >
            <fileset dir="${j2me.src}" >
                <include name="org/**/*.java" />

                <exclude name="CVS" />
                <exclude name="**/crypto/examples/*.java" />
            </fileset>
        </copy>

		<echo message="Compiling main crypto" />
		<javac srcdir="${build.src}"
			destdir="${master.classes}" 
			bootclasspath="${midp.classes}" 
			includeAntRuntime="no"
			includeJavaRuntime="no"
			debug="off"
			optimize="off">
			<classpath refid = "compile.cp" />
		</javac>

		<antcall target="preverify" /> 
	</target>

	<target name="preverify">
		<exec executable="${midp.root}/bin/${midp.preverify}" 
			failonerror="true" >
		<arg line="-d ${master.verify} -classpath ${midp.classes} ${master.classes}" />
		</exec>
	</target>

	<target name="local-package">
		<antcall target="clean" />
		<antcall target="compile" />
		<antcall target="zipmaker" />
		<antcall target="dist" />
	</target>

	<target name="zipmaker" >
		<mkdir dir="${zipdir}" />
		<zip zipfile="${zipdir}/cldc_classes.zip"
			basedir="${master.verify}" 
			excludes="**/test/**" />

		<zip zipfile="${zipdir}/cldc_crypto.zip"
			basedir="${master.verify}" 
			excludes="**/asn1/**, **/test/**" />
	</target>

	<target name="example-jar" >
		<jar 
			compress="true" 
			jarfile="${app.jar}" 
			manifest="${app.dir}/${app.mf}"
			basedir="${master.verify}">
		</jar>
	</target>

	<target name="blowfish">
		<java classname="org.bouncycastle.crypto.test.BlowfishTest"
			fork="yes">
			<classpath refid="compile.cp" />
		</java>
	</target>
		
	<target name="rsa">
		<java classname="org.bouncycastle.crypto.test.RSATest"
            newenvironment="true"
			fork="yes">
			<classpath refid="compile.cp" />
		</java>
	</target>

	<target name="example" depends="example-jar" >
		<copy file ="${app.dir}/${app.jad}" todir="." />
		<exec
			executable="${midp.root}/bin/${midp.emulator}"
			failonerror="true" >
			<arg line="-Xdescriptor:${app.jad}" />
		</exec>
		<!--
		<delete file="${app.name}.jad" />
		<delete file="${app.jar}" />
		-->
	</target>

	<target name="local-test">
		<antcall target="zipmaker" />
		<echo message="Doing classpath based regression tests (crypto)" />
		<java classname="org.bouncycastle.crypto.test.RegressionTest"
			fork="yes">
			<classpath refid="compile.cp" />
        </java>

		<echo message="Doing classpath based regression tests (asn1)" />
		<java classname="org.bouncycastle.asn1.test.RegressionTest"
			fork="yes">
			<classpath refid="compile.cp" />
        </java>

    </target>

    <target name="biginteger-test" >
        <!-- uses the current classes -->
        <java classname="org.bouncycastle.crypto.test.BigIntegerTest"
            fork="yes" >
            <classpath refid="compile.cp" />
        </java>
    </target>

</project>
