
        <dependency>
            <groupId>geronimo-spec</groupId>
            <artifactId>geronimo-spec-activation</artifactId>
        </dependency>
        <dependency>
            <groupId>geronimo-spec</groupId>
            <artifactId>geronimo-spec-ejb</artifactId>
        </dependency>
        <dependency>
            <groupId>geronimo-spec</groupId>
            <artifactId>geronimo-spec-j2ee-connector</artifactId>
        </dependency>
        <dependency>
            <groupId>geronimo-spec</groupId>
            <artifactId>geronimo-spec-j2ee-deployment</artifactId>
        </dependency>
        <dependency>
            <groupId>geronimo-spec</groupId>
            <artifactId>geronimo-spec-j2ee-jacc</artifactId>
        </dependency>
        <dependency>
            <groupId>geronimo-spec</groupId>
            <artifactId>geronimo-spec-j2ee-management</artifactId>
        </dependency>
        <dependency>
            <groupId>geronimo-spec</groupId>
            <artifactId>geronimo-spec-jms</artifactId>
        </dependency>
        <dependency>
            <groupId>geronimo-spec</groupId>
            <artifactId>geronimo-spec-javamail</artifactId>
        </dependency>
        <dependency>
            <groupId>geronimo-spec</groupId>
            <artifactId>geronimo-spec-jaxr</artifactId>
        </dependency>

        <dependency>
            <groupId>geronimo-spec</groupId>
            <artifactId>geronimo-spec-jsp</artifactId>
        </dependency>

        <dependency>
            <groupId>geronimo-spec</groupId>
            <artifactId>geronimo-spec-jta</artifactId>
        </dependency>

        <dependency>
            <groupId>geronimo-spec</groupId>
            <artifactId>geronimo-spec-servlet</artifactId>
        </dependency>

        <dependency>
            <groupId>geronimo-spec</groupId>
            <artifactId>geronimo-spec-jaxrpc</artifactId>
        </dependency>

        <dependency>
            <groupId>geronimo-spec</groupId>
            <artifactId>geronimo-spec-saaj</artifactId>
        </dependency>

        <dependency>
            <groupId>geronimo-spec</groupId>
            <artifactId>geronimo-spec-qname</artifactId>
        </dependency>
