<!-- $Id: formats-section.xml,v 1.2 2004/04/23 17:04:41 unsaved Exp $ -->

<!-- This file is included into docbook source files.
    (At this time, this is accomplished with an external general XML entity)
 -->

<section>
    <title>Available formats for this document</title>
    <para>This document is available in several formats.</para>
    <para>
        You may be reading this document right now at &baseurl;, or in
        a distribution somewhere else.
        I hereby call the document distribution from which you are reading 
        this, your <emphasis>current distro</emphasis>.
    </para>
    <para>
        &baseurl; hosts the latest production versions of all available formats.
        If you want a different format of the same <emphasis>version</emphasis>
        of the document you are reading now, then you should try your
        current distro.
        If you want the latest productoin version, you should try &baseurl;.
    </para>
    <para>
        Sometimes, distributions other than &baseurl; do not host all
        available formats.
        So, if you can't access the format that you want in your current
        distro, you have no choice but to use the newest production version at 
        &baseurl;.
    </para>

    <para>
    <table frame='all' tocentry='1'>
        <title>Alternate formats of this document</title>
        <!-- <tgroup cols='3' align='left' colsep='1' rowsep='1'> -->
        <tgroup cols='3' align='left'>
        <thead><row>
            <entry>format</entry>
            <entry>your distro</entry>
            <entry>at &baseurl;</entry>
        </row></thead>
        <tbody>
        <row>
            <entry>
                Chunked HTML
            </entry><entry>
                <ulink url='index.html'/>
            </entry><entry>
                <ulink url='&baseurl;/index.html'/>
            </entry>
        </row><row>
            <entry>
                All-in-one HTML
            </entry><entry>
                <ulink url='&docbasename;.html'/>
            </entry><entry>
                <ulink url='&baseurl;/&docbasename;.html'/>
            </entry>
        </row><row>
            <entry>
                PDF
            </entry><entry>
                <ulink url='&docbasename;.pdf'/>
            </entry><entry>
                <ulink url='&baseurl;/&docbasename;.pdf'/>
            </entry>
        </row>
        </tbody>
        </tgroup>
    </table>
    </para>
</section>
